"PlatformPortfolioUAV","IsDefense","UnknownCompany","AllContractor","jointventure","TotalSpend","2010","2011","2012","2013","2014","2015","2016","2017","2018","2019","2020","2021","TotalPos"
"Remotely Operated",1,0,"GENERAL ATOMICS",0,14925190937.9278,627047072.934093,842324065.898206,1572823455.5144,984406160.963276,826444547.086614,1402304019.54759,1014150503.73683,1597421953.56649,1455646672.12159,2096110090.16161,1265162012.45039,1241350383.9467,1
"Remotely Operated",1,0,"NORTHROP GRUMMAN",0,12755626780.0041,1425472064.53598,1628645476.89664,991434176.428714,958386923.936166,663364439.312508,914833836.976234,1213501433.55169,1228893564.19539,1285986615.50635,950601448.030367,953795336.653492,540711463.9806,2
"Remotely Operated",1,0,"TEXTRON",0,3490704363.47781,609376846.702336,642362701.733293,1002209264.49553,311541782.152962,214097957.424136,293114428.534364,241121296.748559,122329921.371226,25512708.3075796,-9104945.7141546,34960341.232184,3182060.4898,3
"Remotely Operated",1,0,"BOEING",0,2383380779.49304,37557590.1244135,141636646.328046,15432627.6016106,134797580.202785,192908646.032792,287422016.845649,308179631.306207,324658749.088009,395962092.144866,360647167.652722,106881019.412837,77297012.7531,4
"Remotely Operated",1,0,"AEROVIRONMENT",0,1157516347.88272,189498167.881303,291615306.273689,159171024.751008,103526919.391988,99546775.8593823,78004444.4734636,21188113.4137226,16635666.9075018,31318829.0544246,65040325.9200452,34132410.2304878,67838363.7257,5
"Remotely Operated",1,0,"RAYTHEON",0,1081951558.9761,140089568.315429,128346574.841849,56451161.9891886,34849437.3732307,10322548.6024017,67452568.0245626,108855834.214079,24180944.7483,246915565.947998,181126434.555474,21273839.0237868,62087081.3398,6
"Remotely Operated",1,0,"KRATOS DEFENSE & SECURITY",0,349731229.053126,,148382.14776419,,51641526.5756793,11578692.4186369,31312699.0571615,26912891.3071095,69967012.0417412,26040907.7287884,27630322.5173173,29992123.0089276,74506672.25,7
"Remotely Operated",1,0,"NAVMAR APPLIED SCIENCES",0,273444493.853925,,,46880031.496204,78119999.0123848,106216446.962247,15340021.4230946,16435822.1449597,1695074.69537282,6162164.7491062,2594933.4116108,-0.0410553433243489,,8
"Remotely Operated",1,0,"Composite Engineering",0,221973739.241228,85709255.1079044,73741200.6479324,62523283.4853912,,,,,,,,,,9
"Remotely Operated",1,0,"TCOM",0,190888406.860981,15771.8973097361,104293983.566115,65318441.1300448,22264627.2110614,0,-923310.655742803,-81106.2878075042,,,,,,10
"Remotely Operated",1,0,"ATK",0,176635870.721373,40504541.4032791,45816508.8588625,36613150.6328198,23790380.3485321,29911289.47788,,,,,,,,11
"Remotely Operated",1,0,"GENERAL ELECTRIC",0,172187448.273771,,,,,,537342.309370734,,58091.865097506,,171592014.099302,,,12
"Remotely Operated",1,0,"GOODRICH",0,163582488.408643,,44754.2287516304,,,,,12990037.8350605,62570530.0168489,50635178.0061969,31082603.6951263,6738278.62665898,-478894,13
"Remotely Operated",1,0,"BAE SYSTEMS",0,144634813.275961,34924228.0938638,21868958.6751902,4497394.86184954,5669650.30811922,555587.523540925,2474606.3186699,1380203.80247349,-305669.006503902,-233851.112845644,38868946.7165303,21699139.6966735,13235617.3984,14
"Remotely Operated",1,0,"AURORA FLIGHT SCIENCES",0,125543300.379969,,5873098.79365898,33171289.061005,47793286.1943424,11738155.1335958,18672218.7374949,5235369.61554685,2591220.48404125,421537.371595225,47124.9886890864,,,15
"Remotely Operated",1,0,"L3 COMMUNICATIONS",0,115122238.306154,-86829.8413818117,,,,,592120.750205915,,38021420.3159321,19272694.3493203,22227925.137088,18248517.6349897,16846389.96,16
"Remotely Operated",1,0,"GENERAL DYNAMICS",0,101399703.085844,,45782198.1485345,49092478.0715912,9291213.69530731,-452765.647308102,0,6074.05218630338,-322719.569880594,-1996775.66458625,,,,17
"Remotely Operated",1,0,"GRIFFON AEROSPACE",0,64594699.8428314,878915.408053385,699924.30793089,632859.834237651,574064.522933648,1468420.45502534,167689.843540794,99295.0470550228,1928569.81428143,16098539.4631442,1206439.08682449,22403149.2316046,18436832.8282,18
"Remotely Operated",1,0,"ROLLS ROYCE",0,54588148.057626,,,-924320.000161756,55763942.1694799,0,0,-46074.1243212151,4059.70499849791,0,-182809.481469392,,-26650.2109,19
"Remotely Operated",1,0,"TRW [NORTHROP GRUMMAN]",0,48912709.5263597,,49175475.3931521,0,0,0,0,-262765.866792358,,,,,,20
"Remotely Operated",1,0,"HONEYWELL",0,46703461.0900905,27604839.1118281,18085609.7589751,-227332.153265543,-518058.473085174,45748.36801516,1484707.40266285,-4011.94483200426,53833.2031620817,0,353554.704028885,-78588.4107989483,-96840.4766,21
"Remotely Operated",1,0,"GOLDBELT",0,43792243.0211826,,,,,,,,,,,6230166.31118265,37562076.71,22
"Remotely Operated",1,0,"CAPE FOX",0,43789221.0406772,,,,,,,,,11323245.028178,11909422.952618,10335859.2198811,10220693.84,23
"Remotely Operated",1,0,"ORBITAL SCIENCES",0,42218330.6330821,38289806.7215239,958109.867559592,3005068.30652589,-120717.164914158,86062.9023868462,,,,,,,,24
"Remotely Operated",1,0,"Orbital ATK",0,37961970.3717517,,,,,,38238613.0952275,-72160.9578872517,-204480.870425342,-0.895163253906492,,,,25
"Remotely Operated",1,0,"UNITED TECH",0,37913826.282249,149029.959946447,5658622.51544152,-426236.303274591,,,,,-394200.543604146,0,15899975.3725856,16614235.2811542,412400,26
"Remotely Operated",1,0,"SIERRA TECHNICAL SERVICES",0,37275211.6473992,,,,,,,,7839264.32834947,11375056.3313448,16761595.706405,0,1299295.2813,27
"Remotely Operated",1,0,"IRON BOW TECHNOLOGIES",0,37047549.9361788,,,,,,,,3229078.55455924,953700.986295136,9705735.68929471,22337808.3310297,821226.375,28
"Remotely Operated",1,0,"NEANY",0,36172025.2217611,0,4282029.84577828,-541708.567969799,,,,8655987.71280427,7744989.00213435,11226837.2987076,4803889.93030634,0,0,29
"Remotely Operated",1,0,"MAG Aerospace",0,29493585.5371793,,,,,,,,9212659.28659132,,11924373.0934741,2982533.15711381,5374020,30
"Remotely Operated",1,,"009260337",,24380535.2481837,,,,,,,6190429.03106632,6041534.27776463,6090720.6183549,6057851.32099789,,,31
"Remotely Operated",1,,"967912853",,23778631.7654875,,300029.428364266,36204.4590063358,1350014.97468804,7542983.97203531,909463.498381039,426955.362842358,2244554.26555351,1655820.02410291,-205542.232419479,1538083.01293324,7980065,32
"Remotely Operated",1,0,"LOCKHEED MARTIN",0,21489546.8587013,,,,0,0,,6792.12042870753,1339237.69899548,14447913.39417,5388597.21633467,316434.058672419,-9427.6299,33
"Remotely Operated",1,0,"FLIR SYSTEMS",0,20529282.9745558,,,,,20398587.0081444,,,,130695.966411429,0,,,34
"Remotely Operated",1,,"780539479",,17605062.9773493,,14587495.4832035,4199689.89745681,160207.476939269,-95342.5338210636,,-1246987.34642919,,,,,,35
"Remotely Operated",1,,"107928806",,17274146.235223,,,17274146.235223,,,,,,,,,,36
"Remotely Operated",1,,"046284019",,12618991.6547767,,,,12595105.1726204,23886.4821562761,,,,,,,,37
"Remotely Operated",1,,"969615132",,12197580.4042457,,,,,,,,,,,6103484.40424566,6094096,38
"Remotely Operated",1,,"168834591",,11336051.1093887,,,,,,,,,0,,2410083.10938867,8925968,39
"Remotely Operated",1,,"800577590",,10984589.3246923,,,,,,,,,,5869226.22321603,4950453.85537627,164909.2461,40
"Remotely Operated",1,,"078534881",,9789151.26788326,,,,,,,,,,10114689.7500556,-352389.301972301,26850.8198,41
"Remotely Operated",1,,"171834179",,8200462.64840808,8200863.24513651,-57.2811723698325,-343.31555606008,,,,,,,,,,42
"Remotely Operated",1,,"967645446",,8159561.13635072,,7245019.97569869,653200.76851431,245089.595283396,22426.2422449788,,-276.779483839748,-5898.66590681749,,0,,,43
"Remotely Operated",1,,"046265960",,7570951.86005495,,,,,95948.4348209173,,-536.035105441273,,274005.808778295,5900514.59765065,1161825.25701053,139193.7969,44
"Remotely Operated",1,,"017949918",,7531079.98533612,,,,,,,,,,,3958343.48533612,3572736.5,45
"Remotely Operated",1,0,"SRC MANAGEMENT",0,5847377.92309633,,,,,3811508.06635098,749494.227247289,1286375.62949806,0,,0,,,46
"Remotely Operated",1,,"232267690",,4545338.99521476,,,,,,,,,,4526476.11772438,18862.8774903721,0,47
"Remotely Operated",1,0,"CAE",0,4196872.22054436,,,,,,,,,,-8110.7341643772,2714385.31410874,1490597.6406,48
"Remotely Operated",1,,"080313197",,4071776,,,,,,,,,,,,4071776,49
"Remotely Operated",1,,"150649275",,3985828.44951403,,3775962.39690216,,0,43097.631034288,166768.421577578,,,,,,,50
"Remotely Operated",1,,"144521890",,3480094.48163645,,3480094.48163645,,,,,,,,,,,51
"Remotely Operated",1,0,"ROCKWELL COLLINS",0,3406004.53344773,0,,,,,,0,,3406004.53344773,,,,52
"Remotely Operated",1,0,"BATTELLE",0,3320596.76636105,,,,,,,3320596.76636105,0,0,,,,53
"Remotely Operated",1,,"671105069",,3235414.29333359,,,,169744.231931793,0,,,,,3065670.0614018,,0,54
"Remotely Operated",1,,"782828045",,3235307.00442182,,,,1576049.25053017,363195.112437324,965717.650247752,32168.3688072889,106706.639960519,174716.525348807,16753.4570899556,,0,55
"Remotely Operated",1,,"626642110",,3216008.93445667,3216008.93445667,,,,,,,,,,,,56
"Remotely Operated",1,0,"HEWLETT PACKARD",0,3016144.87615575,,,,,,,3016144.87615575,,,,,,57
"Remotely Operated",1,0,"STERLING COMPUTERS",0,2929630.61770742,,,,,,,,497855.378457794,,2410113.2392429,21662.0000067187,,58
"Remotely Operated",1,,"877477604",,2908627.3923993,2683896.52290654,172128.65119504,56378.8984098663,0,-3776.68011214453,,,,,,,,59
"Remotely Operated",1,0,"LEIDOS",0,2853772.7544038,,,,,,,,,58961.4196573076,2794811.33474649,0,0,60
"Remotely Operated",1,,"004627316",,2738761.56636178,,,,,,,,,2738761.56636178,0,0,0,61
"Remotely Operated",1,0,"CURTISS WRIGHT",0,2516076.13295352,,,,,,,,,2054970.20108095,10472.2197086859,450633.712163884,0,62
"Remotely Operated",1,,"968506464",,2511581.43964667,,,,,278928.560576273,,,761482.719718251,573281.729871444,,398973.148180701,498915.2813,63
"Remotely Operated",1,0,"SIERRA NEVADA",0,2434564.4960324,,,,,,,,,,,827422.214732405,1607142.2813,64
"Remotely Operated",1,0,"ALION SCIENCE & TECHNOLOGY",0,2376277.76414875,,,,,,,,,348675.212200581,398895.864656681,1628706.68729149,0,65
"Remotely Operated",1,,"809968902",,1928678,,,,,,,,,,,,1928678,66
"Remotely Operated",1,,"182737262",,1879163.5352075,1879163.5352075,,,,,,,,,,,,67
"Remotely Operated",1,,"080943022",,1810398.12457435,,,,,,,,,,,1226425.37457435,583972.75,68
"Remotely Operated",1,,"968402789",,1799353.46933424,,,,,,,,1799353.46933424,0,0,0,0,69
"Remotely Operated",1,,"603055885",,1793095.98580048,,,,,898934.39119742,894161.594603063,,,,,,,70
"Remotely Operated",1,0,"WORLD WIDE TECHNOLOGY",0,1764471.15688005,,,,,,,,,,,1764471.15688005,,71
"Remotely Operated",1,0,"CANADIAN COMMERCIAL CORPORATION",0,1671902.61512932,574436.146893751,1002051.83444551,165590.772628978,-70176.1388389156,,,,,,,,,72
"Remotely Operated",1,,"004279428",,1671627,,,,,,,,,,,,1671627,73
"Remotely Operated",1,0,"SERCO GROUP PLC",0,1650471.782,,,,,,,,,,,,1650471.782,74
"Remotely Operated",1,0,"UNICOR",0,1589251.10537927,,1590415.96925396,0,,-1164.86387468869,,,,,,,,75
"Remotely Operated",1,,"166654298",,1433980.78510628,,,,,,836518.96858737,1078178.62358304,-480716.807064135,,,,,76
"Remotely Operated",1,,"183354356",,1390867.86060911,,,,,,,,,,1390867.86060911,,,77
"Remotely Operated",1,0,"TOYON RESEARCH",0,1389650.80948583,,,,,,,,1389650.80948583,0,0,,0,78
"Remotely Operated",1,0,"SCIENCE & ENGINEERING SERVICES",0,1355845.9753383,,1394434.34361702,0,-15081.2281800839,,,-2484.10988876833,,-1621.04474247603,,-19401.9854674,,79
"Remotely Operated",1,,"076820937",,1349000,,,,,,,,,,,,1349000,80
"Remotely Operated",1,,"161183322",,1291084.90290974,,,,,,,,,1291084.90290974,,0,0,81
"Remotely Operated",1,0,"JOHNS HOPKINS UNIVERSITY",0,1236242.17011413,,,,,,,,1137999.03531294,98243.1348011851,,,,82
"Remotely Operated",1,0,"ALTUS CAPITAL PARTNERS [GICHNER SYSTEMS GROUP, INC ]",0,1151127.84174471,1151127.84174471,,,,,,,,,,,,83
"Remotely Operated",1,,"073800062",,1140471.05883083,,,,169174.620415243,16649.2422426723,7834.27898047691,,31605.6399883059,,48464.3855898273,227846.891614305,638896,84
"Remotely Operated",1,,"150670404",,1125024.45457625,1151898.78293743,-26874.3283611744,,,,,,,,,,,85
"Remotely Operated",1,,"079824910",,1087472.23374599,,,,,,,,,,0,1059410.55404599,28061.6797,86
"Remotely Operated",1,,"080917416",,1070769.1875,,,,,,,,,,,,1070769.1875,87
"Remotely Operated",1,,"141451976",,1067586.22390752,1067586.22390752,,,,,,,,,,,,88
"Remotely Operated",1,,"041361883",,978987.448645685,,,,,,,,,,,798572.448645685,180415,89
"Remotely Operated",1,,"085941466",,958728.183442883,513057.575607757,445670.607835126,,,,,,,0,,,,90
"Remotely Operated",1,,"079975806",,943390.889859407,,,,,908963.115188225,34427.7746711818,,0,,,,,91
"Remotely Operated",1,,"121387190",,919859.005947361,,,,,,,,,547569.231073521,190528.104625384,181761.670248456,0,92
"Remotely Operated",1,0,"ATLANTIC DIVING SUPPLY",0,915815.996657775,,,,,,275058.590457775,0,,,,,640757.4062,93
"Remotely Operated",1,0,"FIBERTEK",0,823245.417132336,,,,,,,,,438304.898294961,181993.564651339,202946.954186035,,94
"Remotely Operated",1,,"792487584",,791389.905237863,,,,,312921.532409487,478468.372828376,0,,,,,,95
"Remotely Operated",1,,"788104334",,769268.315360646,,,,,,,,,,769268.315360646,0,,96
"Remotely Operated",1,,"078521131",,724677.603841062,,,,,,,,,,724677.603841062,0,,97
"Remotely Operated",1,,"170203199",,709957.115799889,,,,,167912.90061052,542044.21518937,0,,,,,,98
"Remotely Operated",1,,"086215402",,707531.193386571,,,46678.1600081687,0,315649.539008015,345203.494370388,,,,,,,99
"Remotely Operated",1,,"078308882",,689083.829745039,,,,,,,,689083.829745039,,,,,100
"Remotely Operated",1,,"040370249",,660984.341670939,,,,,,11626.4983047397,240168.494518001,331265.987377432,,77923.361470767,,,101
"Remotely Operated",1,,"080961775",,657335.995004357,,,,,,,,,,657335.995004357,,,102
"Remotely Operated",1,,"065574683",,655844.256045102,,,662075.395915863,-6231.13987076114,,,,,,,,,103
"Remotely Operated",1,0,"SAIC",0,606214.988458671,,,,,,,,,,,606214.988458671,,104
"Remotely Operated",1,,"079377319",,604253.622328492,,,,,,,,,,604253.622328492,,,105
"Remotely Operated",1,,"079249789",,599965.9375,,,,,,,,,,,,599965.9375,106
"Remotely Operated",1,0,"PROGENY SYSTEMS",0,589133.602059331,,,,,,,,,558342.094566069,,30791.5074932617,0,107
"Remotely Operated",1,0,"HARRIS",0,582598.659126971,,,,582598.659126971,,,,,,,,,108
"Remotely Operated",1,,"339699365",,574774.806540884,,,,,,,,,,,574774.806540884,,109
"Remotely Operated",1,,"079463286",,573949.690326285,,,,,,304102.529047129,0,269847.161279157,0,,,,110
"Remotely Operated",1,,"131010865",,567519.409182605,567519.409182605,0,,,,,,,,,,,111
"Remotely Operated",1,,"089476055",,556940.81255125,,,,,,250955.690576211,111948.772046832,194036.349928207,,,,,112
"Remotely Operated",1,0,"CUBIC",0,536168.490904182,,,,,,,,,,489248.490904182,,46920,113
"Remotely Operated",1,0,"DELL",0,517530.211058162,,207472.810460285,-6647.70955670335,,,,,,,,316705.110154581,,114
"Remotely Operated",1,,"078391954",,488090,,,,,,,,,,,,488090,115
"Remotely Operated",1,,"802337436",,466040.874877435,1298649.34270534,-219644.005959249,,-240903.06455906,-298095.397890757,-101.084952164098,,-73864.91446667,,,,,116
"Remotely Operated",1,0,"JACOBS ENGINEERING GROUP",0,458996,,,,,,,,,,,,458996,117
"Remotely Operated",1,,"006468131",,456836.614002736,,,130254.989327715,,331656.157279157,0,,,,,-5074.53260413528,,118
"Remotely Operated",1,,"118572317",,445361.340121209,,,,,,,,,,,445361.340121209,,119
"Remotely Operated",1,,"744105080",,427896.404371385,,,,,,,,,91768.0872424402,,336128.317128945,,120
"Remotely Operated",1,,"486374916",,423400,,,,,,,,,,,,423400,121
"Remotely Operated",1,,"056345309",,406005.568485444,,,,,,,,,7768.73823925992,,398236.830246184,,122
"Remotely Operated",1,0,"INNOVATIVE LOGISTICS TECHNIQUES",0,383117.19391014,383117.19391014,,,,,,,,,,,,123
"Remotely Operated",1,,"621470959",,353926.79255663,,,,,,,,,,,353926.79255663,0,124
"Remotely Operated",1,0,"TELEDYNE TECHNOLOGIES",0,349658.622467682,349658.622467682,,,,,,,,,,,,125
"Remotely Operated",1,0,"B & H PHOTO VIDEO",0,345884.649441731,,,,,,,,,311562.225909537,1624.06324908213,30035.000183112,2663.3601,126
"Remotely Operated",1,,"078024325",,338379.5998748,,,,,,,,338379.5998748,,,,,127
"Remotely Operated",1,,"829833230",,332833.522310372,,,,,,,,,,178875.984844063,153957.537466308,0,128
"Remotely Operated",1,0,"W.S. DARLEY & CO ",0,323212.035221585,,,,,,,,,,,14574.6368215847,308637.3984,129
"Remotely Operated",1,0,"MEGGITT CORP USA",0,322997.81950958,,,,,,322997.81950958,0,,,,,,130
"Remotely Operated",1,,"939956194",,301978.665185697,301978.665185697,,,,,,,,,,,,131
"Remotely Operated",1,,"879186468",,294405.81421174,,,,,,,,,,,294405.81421174,,132
"Remotely Operated",1,,"055467856",,269262.289845957,,,,,,50929.3270674687,113622.219201231,104710.743577257,,,,,133
"Remotely Operated",1,,"160033205",,261501.040434312,,,,,,78378.8908404492,102143.545098147,55219.9237245686,10314.6459407671,,15444.0348303803,,134
"Remotely Operated",1,,"144585619",,255528.699905454,,,,,,,,255528.699905454,0,,,,135
"Remotely Operated",1,0,"GARTNER",0,252572.443430798,,,,,,,,,252572.443430798,,,0,136
"Remotely Operated",1,,"068014485",,241243.812504715,,,,,,,,,,206758.842544135,34484.9699605802,,137
"Remotely Operated",1,,"144720471",,233549.835569617,,,,233549.835569617,0,,,,,,,,138
"Remotely Operated",1,,"602374951",,226068.797754016,226068.797754016,,,,,,,,,,,,139
"Remotely Operated",1,,"094852316",,223807.045831189,,,,,,,,,,,223807.045831189,,140
"Remotely Operated",1,,"065875485",,219663.872062633,,,,,,,,,,,219663.872062633,0,141
"Remotely Operated",1,,"793506820",,209282.686312157,,,,,,,,199868.160794049,,9414.52551810859,,,142
"Remotely Operated",1,0,"NEW TECH SOLUTIONS",0,202961.644301069,,,,,,,,,,,202961.644301069,0,143
"Remotely Operated",1,,"043041962",,193493,,,,,,,,,,,,193493,144
"Remotely Operated",1,,"135054075",,183100,,,,,,,,,,,,183100,145
"Remotely Operated",1,,"797304839",,180958.882994629,,,,,,,,,,,180958.882994629,,146
"Remotely Operated",1,0,"CFM INTERNATIONAL",0,178396.344928908,,,,,,,,,,178396.344928908,0,,147
"Remotely Operated",1,,"003077286",,178234.53006486,,,,,,,55626.2909598486,59428.2391050116,,,,63180,148
"Remotely Operated",1,,"255104796",,178145.501444354,,,,,,,,,,0,178145.501444354,,149
"Remotely Operated",1,,"202669255",,176975.906638394,,,,,,,,,176975.906638394,,,,150
"Remotely Operated",1,,"295144596",,166253.417196087,,,,,,,166253.417196087,,,,,,151
"Remotely Operated",1,,"033374088",,164149.848510724,,,,,,75277.784303865,,20312.1499924845,68559.914214374,,,,152
"Remotely Operated",1,,"791792583",,164067.44047535,,164067.44047535,,,,,,,,,,,153
"Remotely Operated",1,,"058407883",,160250.0469,,,,,,,,,,,,160250.0469,154
"Remotely Operated",1,,"056452519",,159961.881427494,,,,,,,,,,,159961.881427494,,155
"Remotely Operated",1,,"080379083",,157716.0079,,,,,,,,,,,,157716.0079,156
"Remotely Operated",1,,"079916283",,156879.512832255,,,,,,,,,,156879.512832255,,,157
"Remotely Operated",1,,"122522451",,146847.001180326,,,,,,146847.001180326,,,,,,0,158
"Remotely Operated",1,,"170944248",,146230.086433205,146230.086433205,,,,,,,,,,,,159
"Remotely Operated",1,,"006958433",,144870.561135608,,,,,,,25661.584517178,10014.4728782946,,,109194.503740135,,160
"Remotely Operated",1,,"805645905",,143808.727529151,,,,,,,143808.727529151,0,,,,,161
"Remotely Operated",1,,"243938946",,137071.315342505,,,,137071.315342505,0,,,,,,,,162
"Remotely Operated",1,,"117938311",,131822.549112986,,,,,,,,,,,131822.549112986,,163
"Remotely Operated",1,,"849022962",,130285.320200225,,130799.109788153,,-513.789587927775,,,,,,,,,164
"Remotely Operated",1,,"797866001",,128200,,,,,,,,,,,,128200,165
"Remotely Operated",1,,"079455065",,124328.353262593,,,,,,,,,,98629.353262593,,25699,166
"Remotely Operated",1,,"791907152",,123496.999954306,,,,,,,,123496.999954306,,,,,167
"Remotely Operated",1,,"009069717",,119941.150086708,,,,,119941.150086708,,,,,,,,168
"Remotely Operated",1,,"044612087",,117580.618453921,,,,,,,,,0,117580.618453921,,,169
"Remotely Operated",1,,"804632318",,112696.917425338,,,,,,,,,,,112696.917425338,0,170
"Remotely Operated",1,0,"TECH SYM",0,112167.678413778,,112167.678413778,,,,,,,,,,,171
"Remotely Operated",1,,"007655863",,111895.9922,,,,,,,,,,,,111895.9922,172
"Remotely Operated",1,,"961810629",,111298.982985144,,,,,,,,,,,111298.982985144,,173
"Remotely Operated",1,,"120211342",,108707.313005866,,,,,,108707.313005866,,,,,,,174
"Remotely Operated",1,,"119807761",,108518.968463938,,,,108518.968463938,,,,,,,,,175
"Remotely Operated",1,,"791029551",,107310.499960295,,,,,,,,107310.499960295,,,,,176
"Remotely Operated",1,,"091468182",,107085.915319605,,,,,,,,,,,51308.915319605,55777,177
"Remotely Operated",1,,"080363561",,103966.102823892,,,,,,,,,,103966.102823892,0,,178
"Remotely Operated",1,,"079639341",,103666.597340223,,,,,,,,,,103666.597340223,0,0,179
"Remotely Operated",1,,"166889407",,102695.258874573,,,,,,101559.145098851,1136.1137757228,,,,,,180
"Remotely Operated",1,,"788358596",,99691.7065801141,,,,,,,,99691.7065801141,,,,,181
"Remotely Operated",1,,"926705633",,98879.8949634144,,,,,,,,98879.8949634144,,,,,182
"Remotely Operated",1,0,"Cort Business Services",0,97299.2099529931,,,,,,106498.683426218,-9199.47347322472,,,,,,183
"Remotely Operated",1,,"148965135",,88359.1006308406,,,,,,88359.1006308406,,,,,,,184
"Remotely Operated",1,,"078398960",,79195.4431955066,,,,,,,79195.4431955066,,,,,,185
"Remotely Operated",1,,"131577553",,76327.0320193205,,,,,,,33490.417300941,,,42836.6147183795,,,186
"Remotely Operated",1,,"969262505",,75590.9935144695,,,,,,,,,,75590.9935144695,,,187
"Remotely Operated",1,,"968193425",,74417.3400321572,,,,,,,74417.3400321572,,,,,,188
"Remotely Operated",1,,"080009452",,72986.7812,,,,,,,,,,,,72986.7812,189
"Remotely Operated",1,,"154664205",,72200,,,,,,,,,,,,72200,190
"Remotely Operated",1,0,"FEDERAL RESOURCES SUPPLY COMPANY",0,71542.6788439215,,,,,,,,,,71542.6788439215,,,191
"Remotely Operated",1,,"087403499",,71330.623982666,,,,,,,7708.08328646809,8753.62660576116,,,17424.9140904368,37444,192
"Remotely Operated",1,0,"FATIGUE TECHNOLOGY",0,71204.1042306382,,,,,,71204.1042306382,,,,,,,193
"Remotely Operated",1,,"141693064",,68261.3315326198,,,,,,,,,,68261.3315326198,,,194
"Remotely Operated",1,,"209627116",,66704.6149334649,,,,,66704.6149334649,,,,,,,,195
"Remotely Operated",1,,"591431932",,61778.027867314,,,,,,,,,,,61778.027867314,,196
"Remotely Operated",1,,"012935613",,59933.8488491579,,,,,,,,34877.9946050951,25055.8542440628,0,,,197
"Remotely Operated",1,,"361317902",,59872.9196496664,59872.9196496664,,,,,,,,,,,,198
"Remotely Operated",1,,"001306547",,59687.2260574876,59687.2260574876,,,,,,,,,,,,199
"Remotely Operated",1,0,"MAGELLAN AEROSPACE",0,57637.0243443483,,,,,,,,,57637.0243443483,,,,200
"Remotely Operated",1,,"008254708",,55696.0068790373,,,,,,,36976.3468859636,18719.6599930737,,,,,201
"Remotely Operated",1,,"035877869",,55097.5237611621,,,55097.5237611621,,,,,,,,,,202
"Remotely Operated",1,,"617060983",,53712.1418890471,,53712.1418890471,0,,,,,,,,,,203
"Remotely Operated",1,,"033161810",,52899.8856237122,,,,,,,,,52899.8856237122,,,,204
"Remotely Operated",1,,"012386405",,51046.2132626152,,,,,,,,,,,51046.2132626152,,205
"Remotely Operated",1,,"079741350",,50829.0103828932,,,,,,,,,,,24859.0103828932,25970,206
"Remotely Operated",1,,"146882522",,50211.5181712925,,,,,,,50211.5181712925,,,,,,207
"Remotely Operated",1,,"040635272",,48115.6253559257,,,,,,,,,,39554.6210616774,8561.0042942483,,208
"Remotely Operated",1,,"622350184",,47475.1854351994,,,,,,,,,47475.1854351994,,,,209
"Remotely Operated",1,,"805835147",,46191.8912150377,,,,,,,46191.8912150377,,,,,,210
"Remotely Operated",1,,"244260399",,45619.1528042562,,,,,21192.798921505,24426.3538827512,,,,,,,211
"Remotely Operated",1,,"079959408",,45016.9999833437,,,,,,,,45016.9999833437,,,,,212
"Remotely Operated",1,0,"CARAHSOFT TECHNOLOGY",0,44130.5916006717,,,,,,,,44130.5916006717,,,,,213
"Remotely Operated",1,,"028620151",,38981.7839361714,,,,,,38981.7839361714,,,,,,,214
"Remotely Operated",1,,"787028992",,38673.0826903819,,38673.0826903819,,,,,,,,,,,215
"Remotely Operated",1,,"080380424",,38572.919985728,,,,,,,,38572.919985728,,,,,216
"Remotely Operated",1,0,"PARKER HANNIFIN",0,37900.9134909365,,,,,,35769.5510967959,0,,2131.36239414055,,,,217
"Remotely Operated",1,,"068854635",,37275.759261631,,,,,,10510.6821598486,,,,34975.1193830691,-8210.04228128667,,218
"Remotely Operated",1,,"004279626",,35335.2808176403,,,,35335.2808176403,,,,,,,,,219
"Remotely Operated",1,,"790477488",,35320.5843898533,,,,,,,,,35320.5843898533,,,,220
"Remotely Operated",1,,"059974006",,34043.8610059577,,,34043.8610059577,,,,,,,,,,221
"Remotely Operated",1,,"020132288",,33278.8616418921,,,,,,16830.7616479779,,16448.0999939142,0,,,,222
"Remotely Operated",1,0,"Diltex, Inc",0,30860.8705984465,,,,,,,,,,,30860.8705984465,,223
"Remotely Operated",1,,"008317422",,29500.4516142804,,29500.4516142804,,,,,,,,,,,224
"Remotely Operated",1,,"080589908",,29083,,,,,,,,,,,,29083,225
"Remotely Operated",1,,"827403614",,28976.915067321,,,,,,,88396.3021733359,-59419.3871060148,0,,,,226
"Remotely Operated",1,,"561234918",,27909.4223918924,,,,,,,,,,,27909.4223918924,,227
"Remotely Operated",1,,"035000484",,27889.7208,,,,,,,,,,,,27889.7208,228
"Remotely Operated",1,,"049987720",,27612.5634289966,,,,,,,27612.5634289966,,,,,,229
"Remotely Operated",1,,"079234440",,27540.3252074008,,,,,,,,,,,27540.3252074008,,230
"Remotely Operated",1,,"969547954",,27326.2863071874,,,,,,27326.2863071874,,,,,,,231
"Remotely Operated",1,,"801017315",,26602.0446824954,,,26602.0446824954,,,,,,,,,,232
"Remotely Operated",1,,"079339876",,25043.2576985745,,,,,,,,,25043.2576985745,,,,233
"Remotely Operated",1,,"081935501",,24624.9949259445,,,,,,,,,,,24624.9949259445,,234
"Remotely Operated",1,,"080650716",,24242.2552017388,,,,,,,,,,25421.3133428349,-1179.05814109614,,235
"Remotely Operated",1,,"876848045",,24029.1161082579,,24029.1161082579,,,,,,,,,,,236
"Remotely Operated",1,,"079181076",,23467.1454654377,,,,,,23467.1454654377,,,,,,,237
"Remotely Operated",1,,"080647697",,22759.6406,,,,,,,,,,,,22759.6406,238
"Remotely Operated",1,,"009477766",,22206.7902194327,,,,,,22206.7902194327,,,,,,,239
"Remotely Operated",1,,"078454658",,22160.0125828328,,,,,,,,,,22160.0125828328,,,240
"Remotely Operated",1,,"080154182",,21963.4999918735,,,,,,,,21963.4999918735,,,,,241
"Remotely Operated",1,,"026375048",,21519.8593100377,,,,,,,,21519.8593100377,,,,,242
"Remotely Operated",1,,"828978465",,20944.4394173717,,,,,,,,,,20944.4394173717,,,243
"Remotely Operated",1,,"053078127",,20797.2000036395,0,,20797.2000036395,,,,,,,,,,244
"Remotely Operated",1,,"079398783",,20500.2409374149,,,,,,,,20500.2409374149,,,,,245
"Remotely Operated",1,,"968636758",,20268.5499925006,,,,,,,,20268.5499925006,,,,,246
"Remotely Operated",1,,"965068661",,19858.3182466524,,,,,,,,19858.3182466524,,,,,247
"Remotely Operated",1,,"080259256",,19638.5801,,,,,,,,,,,,19638.5801,248
"Remotely Operated",1,,"780274457",,19394.5509004862,,,,,,,,,,19394.5509004862,,,249
"Remotely Operated",1,,"004755934",,19095.0246814511,,,,,,,19095.0246814511,,,,,,250
"Remotely Operated",1,,"110480956",,17852.482316547,,,,,,,17852.482316547,,,,,,251
"Remotely Operated",1,,"959391509",,17742.8765369028,,,,,,,,,,,17742.8765369028,,252
"Remotely Operated",1,,"824736110",,17006.3295912745,,,,,,,,,,,661586.314091275,-644579.9845,253
"Remotely Operated",1,,"035117198",,16668.4693896856,,,,,,,,,,,16668.4693896856,,254
"Remotely Operated",1,,"111332990",,15804.6317131774,,,,,,15804.6317131774,,,,,,,255
"Remotely Operated",1,,"506152082",,15794.9941211559,,,,,,,,15794.9941211559,0,,,,256
"Remotely Operated",1,,"080667085",,15479.9199,,,,,,,,,,,,15479.9199,257
"Remotely Operated",1,,"079396385",,15325,,,,,,,,,,,,15325,258
"Remotely Operated",1,,"140987723",,15162.0651683295,,,9231.64600161554,5930.41916671392,,,,,,,,,259
"Remotely Operated",1,,"103570289",,13864.3564680716,5856.58296891348,8007.77349915808,,,,,,,,,,,260
"Remotely Operated",1,,"055094654",,13481.9356529622,,,,,,,,,,13481.9356529622,,,261
"Remotely Operated",1,,"173351925",,12345.9492320698,,,,,,12345.9492320698,0,,,,,,262
"Remotely Operated",1,,"008385312",,12297.6318964442,,,,,,12297.6318964442,,,,,,,263
"Remotely Operated",1,,"032623239",,12176.725151169,12176.725151169,0,,,,,,,,,0,,264
"Remotely Operated",1,,"784424819",,12054.8751836119,,,,,,,,,,,12054.8751836119,,265
"Remotely Operated",1,,"694308065",,11447.364447749,,,,,,,6186.61035869547,5260.75408905352,,,,,266
"Remotely Operated",1,,"557410888",,11392.8577725068,,,,,,,,,,,11392.8577725068,,267
"Remotely Operated",1,0,"MICROTECHNOLOGIES",0,10448.81037252,,,,,,,,,,,10448.81037252,,268
"Remotely Operated",1,,"004105904",,10027.9999962896,,,,,,,,10027.9999962896,,,,,269
"Remotely Operated",1,,"073338113",,9342.95655175162,,,,,,,9342.95655175162,,,,,,270
"Remotely Operated",1,,"806338278",,9262.27499657296,,,,,,,,9262.27499657296,,,,,271
"Remotely Operated",1,,"004286928",,8749.73867859103,,,,,,,8749.73867859103,,,,,,272
"Remotely Operated",1,,"103645771",,8373.17580648241,,,,,,,,,8373.17580648241,,,,273
"Remotely Operated",1,,"824737449",,8169.54999697727,,,,,,,,8169.54999697727,,,,,274
"Remotely Operated",1,,"131256679",,8153.11443246737,,8153.11443246737,,,,,,,,,,,275
"Remotely Operated",1,,"002237121",,7763.24831612171,,,,,,,7763.24831612171,,,,,,276
"Remotely Operated",1,,"080069116",,7694.79772256609,,,,,,,,,,,7694.79772256609,,277
"Remotely Operated",1,,"126506042",,7379.29999726966,,,,,,,,7379.29999726966,,,,,278
"Remotely Operated",1,,"074257978",,7216.37030234704,,,,,,7216.37030234704,,,,,,,279
"Remotely Operated",1,,"122841880",,7073.92104694202,,,,,,,,,7073.92104694202,,,,280
"Remotely Operated",1,0,"ASTRONICS",0,6619.37378048296,6619.37378048296,,,,,,,,,,,,281
"Remotely Operated",1,,"831150474",,6369.05279757398,,,,,6369.05279757398,,,,,,,,282
"Remotely Operated",1,0,"COMTEQ FEDERAL",0,6035.13546867929,,,,,,,,,,,6035.13546867929,,283
"Remotely Operated",1,,"018872745",,5746.2718669516,,,,,,5746.2718669516,,,,,,,284
"Remotely Operated",1,0,"ELBIT SYSTEMS",0,5542.01841816002,,,,0,0,,5542.01841816002,,0,,,0,285
"Remotely Operated",1,,"006096200",,5449.27592471754,,,,,,,,,,,5449.27592471754,,286
"Remotely Operated",1,,"625694500",,5199.30000090988,,,5199.30000090988,,,,,,,,,,287
"Remotely Operated",1,,"557711222",,4783.5298,,,,,,,,,,,,4783.5298,288
"Remotely Operated",1,,"005481959",,4693.52931626339,,,,,,,,4693.52931626339,,,,,289
"Remotely Operated",1,,"068155423",,4552.71664976772,,4552.71664976772,,,,,,,,,,,290
"Remotely Operated",1,,"828725163",,4466.99273059235,,,,,,,,,4466.99273059235,,,,291
"Remotely Operated",1,,"152431941",,4359.51315535186,,,,,,,,,,,4359.51315535186,,292
"Remotely Operated",1,,"600809656",,4184.85880073235,,,4184.85880073235,,,,,,,,,,293
"Remotely Operated",1,,"010511603",,4118.51748994306,,,,,,4118.51748994306,,,,,,,294
"Remotely Operated",1,,"008232175",,3547.47109214401,3547.47109214401,,,,,,,,,,,,295
"Remotely Operated",1,0,"QINETIQ GROUP",0,3499.96801840074,,,,,,,,,,,3499.96801840074,,296
"Remotely Operated",1,,"196423024",,3038.5,,,,,,,,,,,,3038.5,297
"Remotely Operated",1,,"052487667",,2744.10164143955,,,,,,,,,2744.10164143955,,,,298
"Remotely Operated",1,,"615284747",,1386.79970099842,,,,,,,,,1386.79970099842,,,,299
"Remotely Operated",1,,"012839655",,842.569999688249,,,,,,,,842.569999688249,,,,,300
"Remotely Operated",1,0,"BELL BOEING JOINT PROJECT OFFICE [BELL/BOEING]",1,803.373554062582,,,,,,,,,363.116579923926,,440.256974138655,,301
"Remotely Operated",1,,"007569754",,717.452515236467,717.452515236467,,,,,,,,,,,,302
"Remotely Operated",1,,"042653634",,717.292359825614,,,,,,,717.292359825614,,,,,,303
"Remotely Operated",1,,"962056359",,544.99999979835,,,,,,,,544.99999979835,,,,,304
"Remotely Operated",1,,"078372376",,490.728320271217,,,,,,,,,,490.728320271217,,,305
"Remotely Operated",1,,"506158623",,282.806371293384,,,,,,,,12670.193022312,-12387.3866510186,,,,306
"Remotely Operated",1,0,"ROBERTSON FUEL SYSTEMS",0,217.215200038013,,,217.215200038013,,,,,,,,,,307
"Remotely Operated",1,,"961600272",,216.712114651545,,,,,,,,,,216.712114651545,,,308
"Remotely Operated",1,,"623331279",,205.276716621744,,,,,,,,,,,205.276716621744,,309
"Remotely Operated",1,0,"KAMPI COMPONENTS",0,0,,,,,,,,,0,,,,316
"Remotely Operated",1,,"008523342",,0,,,,,,,,,0,,,,316
"Remotely Operated",1,,"078392472",,0,,,,,,,,,0,,,,316
"Remotely Operated",1,,"079979463",,0,,,,,,,,,0,0,,0,316
"Remotely Operated",1,,"097977268",,0,,,,,,,,,0,,,,316
"Remotely Operated",1,,"103283024",,0,,,,,,,,,,0,,,316
"Remotely Operated",1,,"153420448",,0,,,,,,,0,,,0,,,316
"Remotely Operated",1,,"556421758",,0,,,,,,,,,,0,,,316
"Remotely Operated",1,,"603978321",,0,,,,,,,0,,,,,,316
"Remotely Operated",1,,"807913616",,0,,,,,,,,,,,,0,316
"Remotely Operated",1,,"826286028",,0,,,,,,,0,,,,,,316
"Remotely Operated",1,,"933847006",,0,0,,,,,,,,0,,,,316
"Remotely Operated",1,,"941719007",,0,,,,,,,,,,0,,,316
"Remotely Operated",1,,"797022808",,-2017.32840035303,0,0,-2017.32840035303,,,,,,,,,,323
"Remotely Operated",1,0,"SPARTA",0,-16807.5126437621,-16807.5126437621,,,,,,,,,,,,324
"Remotely Operated",1,,"186238721",,-22245.0891051905,,,,,,,,,,-22245.0891051905,,,325
"Remotely Operated",1,1,"Foreign Contractor",0,-27192,,,,,,,,,,,,-27192,326
"Remotely Operated",1,,"933691552",,-44681.8932799256,,0,,,,,,,,,-44681.8932799256,0,327
"Remotely Operated",1,,"008391203",,-93103.7193113526,,,,,,,,,,-93103.7193113526,,0,328
"Remotely Operated",1,0,"Mantech",0,-255199.724925571,-255199.724925571,,0,,,,,,,,,,329
"Remotely Operated",0,0,"LOCKHEED MARTIN",0,327120868.520135,,,,,,,,27130810.6699616,45139792.1038758,90492778.5508155,100137146.195482,64220341,1
"Remotely Operated",0,0,"GENERAL ATOMICS",0,57573570.1844911,16501398.2040184,40042571.4508182,2960409.20801807,0,-1894533.73565548,,0,0,,-36274.9427080306,,,2
"Remotely Operated",0,0,"ILC INDUSTRIES",0,11075415.7689774,,,,,,,,,,,7393500.76897736,3681915,3
"Remotely Operated",0,0,"AEROVIRONMENT",0,2267427.63971893,,0,,,0,,,817253.591572616,1109088.48914687,0,163174.405899443,177911.1531,4
"Remotely Operated",0,,"825067937",,1392543.63247259,,,,,,,,256149.999905225,1136393.63256737,0,,,5
"Remotely Operated",0,,"861004349",,1327866.76389538,,,,,,,,,,,1002426.76389538,325440,6
"Remotely Operated",0,,"072933393",,1220930.48165309,,1177897.84844402,45869.3800080271,,0,,,-2836.7467989504,,,,,7
"Remotely Operated",0,,"791029551",,1190343.26479603,,,,,,,,,,1125003.33553288,59089.9292631522,6250,8
"Remotely Operated",0,0,"NORTHROP GRUMMAN",0,923745.22479785,,,,,,,,,,,923745.22479785,,9
"Remotely Operated",0,,"044612087",,697128.223781265,,,,,,,,,697128.223781265,,,,10
"Remotely Operated",0,,"068854635",,689258.949506497,,,,,,,180268.558298542,5537.842879951,492020.088486461,11432.4598415429,0,0,11
"Remotely Operated",0,,"080009452",,630608.3051,,,,,,,,,,,,630608.3051,12
"Remotely Operated",0,,"068014485",,570314.663016257,,,,,,,21464.2373335337,32814.9949878585,,484545.417033012,31490.0136618532,,13
"Remotely Operated",0,,"040635272",,544674.116063643,,,,,,,39898.0989960176,,421318.709321224,83457.3077464011,,0,14
"Remotely Operated",0,,"138559377",,540774.168093821,,,,56847.229351654,67222.661129324,0,,,130811.058829788,26128.1881731712,88115.0306098838,171650,15
"Remotely Operated",0,,"073800062",,525308.905912641,,,,,,,90767.1776526247,283835.999894981,25677.3316700916,100297.684259939,24730.7124350047,0,16
"Remotely Operated",0,,"807089789",,507265.102551381,,,,,,507265.102551381,0,0,,,,,17
"Remotely Operated",0,0,"W.S. DARLEY & CO ",0,490529.666156493,,,,,,,,,14324.7434035846,153588.863152909,0,322616.0596,18
"Remotely Operated",0,0,"ATLANTIC DIVING SUPPLY",0,366795.100596736,,,,,,,,8822.45999673569,,,,357972.6406,19
"Remotely Operated",0,,"615065039",,366420.089864123,,,366420.089864123,0,,,,,,,,,20
"Remotely Operated",0,,"079990767",,323046.846219677,,,,,,,,,,,138561.783719677,184485.0625,21
"Remotely Operated",0,0,"NEW TECH SOLUTIONS",0,281464.75,,,,,,,,,,,,281464.75,22
"Remotely Operated",0,,"094852316",,255313.942681878,,,,,,,,,,,255313.942681878,,23
"Remotely Operated",0,,"079979463",,236792.977999788,,,,,,,,217826.012920404,52944.2066483519,-33977.241568968,,0,24
"Remotely Operated",0,,"003077286",,229420.667080452,,,,,,,,40821.721983896,-37.2984689127705,,46101.6303654688,142534.6132,25
"Remotely Operated",0,,"087403499",,205238.192105011,,,,,,,,,43578.7526053513,23274.8437277516,58538.0957719076,79846.5,26
"Remotely Operated",0,,"806220567",,172784.431176103,,,,,168196.816837341,4610.61371519739,-22.9993764353641,,,,,,27
"Remotely Operated",0,,"046265960",,172430.597509356,,,,,,167471.097511191,,4959.49999816499,,,,,28
"Remotely Operated",0,,"012515275",,170694.167279328,,,,,,,170694.167279328,,,,,,29
"Remotely Operated",0,,"080367004",,166765.576431669,,,,,,,,,,72781.9269753668,14613.649456302,79370,30
"Remotely Operated",0,,"793506820",,164022.158255621,,,,,,,28780.5892551748,,39537.4322745058,49208.9604111149,46495.1763148251,,31
"Remotely Operated",0,,"080380424",,147857.311790861,,,,,,,,,5204.73491914203,142652.576871719,,,32
"Remotely Operated",0,,"078521131",,125035.047914067,,,,,,125035.047914067,,,,,,,33
"Remotely Operated",0,,"079916283",,114045.576966325,,,,,,,,,,,18695.5769663254,95350,34
"Remotely Operated",0,0,"DYNCORP INTERNATIONAL",0,113534.856108945,,,,,,,124491.468130812,,,-10956.6120218667,,0,35
"Remotely Operated",0,,"080069116",,107434.648794739,,,,,,,,,,,107434.648794739,,36
"Remotely Operated",0,,"832176382",,106386,,,,,,,,,,,,106386,37
"Remotely Operated",0,,"079234440",,105553.755820453,,,,,,,,,,,105553.755820453,,38
"Remotely Operated",0,,"116943596",,88650.011767835,,,,,,,,,,,51781.051767835,36868.96,39
"Remotely Operated",0,,"117984256",,87458,,,,,,,,,,,,87458,40
"Remotely Operated",0,0,"CDW",0,82502.8457863409,,,,,,,,,13665.3066863409,,,68837.5391,41
"Remotely Operated",0,,"079816601",,79849.5216590066,,,,,,,,,,79849.5216590066,0,,42
"Remotely Operated",0,,"143941339",,76348.8516,,,,,,,,,,,,76348.8516,43
"Remotely Operated",0,,"078684108",,75407.9131067587,,,,,,,,,75407.9131067587,0,,,44
"Remotely Operated",0,,"053898324",,75000,,,,,,,,,,,,75000,45
"Remotely Operated",0,,"059567541",,70454.9729649317,,,,,,,,70454.9729649317,,,,,46
"Remotely Operated",0,,"043041962",,68186.9295252463,,,,,,,,,68186.9295252463,0,,,47
"Remotely Operated",0,,"078454658",,65787.5835835896,,,,,,,,,,65787.5835835896,,,48
"Remotely Operated",0,,"076253556",,65500,,,,,,,,,,,,65500,49
"Remotely Operated",0,,"080494104",,56435.8491266175,,,,,,,,27225.9987349264,0,,29209.8503916911,,50
"Remotely Operated",0,,"015038148",,53497.3343818217,,,,,,,,,,53497.3343818217,,,51
"Remotely Operated",0,,"079455065",,53123.9612936819,,,,,,,,,,33737.6281759243,19386.3331177575,,52
"Remotely Operated",0,,"065693877",,52625.7757569127,,,,,,53395.5634442442,,,,,-769.787687331542,,53
"Remotely Operated",0,0,"B & H PHOTO VIDEO",0,46909.9865889896,,,,,,,,,8216.49058663373,-8074.24916035654,52417.2451627124,-5649.5,54
"Remotely Operated",0,,"080472329",,46425.2799828226,,,,,,,,46425.2799828226,,,,,55
"Remotely Operated",0,,"124291050",,43276.1838302264,,,,,,,42075.0038306708,1201.17999955556,,,,,56
"Remotely Operated",0,,"081245914",,42358.0054950299,,,,,,,,,,,29566.0054950298,12792,57
"Remotely Operated",0,,"117139430",,41888.8788347435,,,,,,,,,,41888.8788347435,0,,58
"Remotely Operated",0,,"028937576",,41872.1094,,,,,,,,,,,,41872.1094,59
"Remotely Operated",0,,"079339876",,39761.7838673463,,,,,,,,11237.0282138423,,28524.755653504,0,,60
"Remotely Operated",0,,"825197168",,39062.8906,,,,,,,,,,,,39062.8906,61
"Remotely Operated",0,,"805835147",,38629.1838912652,,,,54204.209130403,-15575.0252391378,,,,,,,,62
"Remotely Operated",0,,"117955230",,38449,,,,,,,,,,,,38449,63
"Remotely Operated",0,,"017282674",,36617.4599864515,,,,,,,,36617.4599864515,,,,,64
"Remotely Operated",0,,"008239407",,35923.4254088053,,,,,,,,,,,35923.4254088053,,65
"Remotely Operated",0,,"967856399",,35663.3323256946,,,,,,,35663.3323256946,,,,,,66
"Remotely Operated",0,,"077308848",,33933,,,,,,,,,,,,33933,67
"Remotely Operated",0,,"079386136",,33713.0883481008,,,,,,,,,,,33713.0883481008,,68
"Remotely Operated",0,,"079804975",,32962.3087715366,,,,,,,,,,,32962.3087715366,,69
"Remotely Operated",0,,"081031340",,31739.2197,,,,,,,,,,,,31739.2197,70
"Remotely Operated",0,,"611092545",,27995,,,,,,,,,,,,27995,71
"Remotely Operated",0,,"079394111",,27976.7372006111,,,,,27976.7372006111,,,,,,,,72
"Remotely Operated",0,,"024345177",,27609.7183856246,,,,,,,,,,,27609.7183856246,,73
"Remotely Operated",0,,"079277167",,27228,,,,,,,,,,,,27228,74
"Remotely Operated",0,,"079396385",,26710.1835492886,,,,,,,,,10654.574062568,,1657.60948672059,14398,75
"Remotely Operated",0,,"078613489",,25722.0898327869,,,,,,,,,25722.0898327869,,,,76
"Remotely Operated",0,,"786094003",,25704.3799904894,,,,,,,,25704.3799904894,,0,,,77
"Remotely Operated",0,,"078850993",,25568.1126045447,,,,,,,,,,25568.1126045447,,,78
"Remotely Operated",0,,"037993447",,23834.1113646276,,,,,,,,,,23834.1113646276,,,79
"Remotely Operated",0,1,"Foreign Contractor",0,22881.801798701,,15042.9334224785,,7838.8683762225,,,,0,,,,,80
"Remotely Operated",0,,"191067664",,21313.4108072974,,,,,,,,,21313.4108072974,,,,81
"Remotely Operated",0,,"072089006",,20742.6999923252,,,,,,,,20742.6999923252,,,,,82
"Remotely Operated",0,,"051635589",,19792.4952494163,,,,,,,,,,19792.4952494163,0,,83
"Remotely Operated",0,,"080327247",,19383.2081748282,,,,,,,,19383.2081748282,,,,,84
"Remotely Operated",0,,"615261604",,18087.0381992387,18087.0381992387,,,,,,,,,,,,85
"Remotely Operated",0,,"133819495",,17404.6217444258,,,17404.6217444258,,,,,,,,,,86
"Remotely Operated",0,,"084566077",,16336.66274555,,,,,,,,,,16336.66274555,,,87
"Remotely Operated",0,,"827623526",,16313.2638513299,,,,,,,,,16313.2638513299,,,,88
"Remotely Operated",0,,"610219896",,16002.1088341189,,,,,,,,,16002.1088341189,,,,89
"Remotely Operated",0,,"257263574",,14152.4426490549,,14152.4426490549,,,,,,,,,,,90
"Remotely Operated",0,,"072863993",,13505.898885056,,,,,,,13505.898885056,,,,,,91
"Remotely Operated",0,,"067014143",,13183.7723697034,,,,,,,,,13183.7723697034,,,,92
"Remotely Operated",0,,"078853634",,12558.2858746561,,,,,,,,,,12558.2858746561,,,93
"Remotely Operated",0,,"039630484",,11116.9099958867,,,,,,,,11116.9099958867,,,,,94
"Remotely Operated",0,,"079500561",,8813.09536881749,,,,,,,,,8813.09536881749,,,,95
"Remotely Operated",0,,"830676065",,8743.53677903696,,,,8743.53677903696,,,,,,,,,96
"Remotely Operated",0,,"078359543",,8514.96184513248,,,,,,,,,,8514.96184513248,,,97
"Remotely Operated",0,,"079463286",,7299.7299972991,,,,,,,,7299.7299972991,,,,,98
"Remotely Operated",0,,"197203375",,6783.93827910609,,,,,6783.93827910609,0,,,,,,,99
"Remotely Operated",0,,"031236347",,6779.02191707465,6779.02191707465,,,,,,0,0,,,,,100
"Remotely Operated",0,,"079628638",,5761.2940297333,,,,,,,5761.2940297333,,,,,,101
"Remotely Operated",0,,"053037864",,5501.86364932402,,,,,5501.86364932402,,,,,,,,102
"Remotely Operated",0,,"040392899",,4881.6233981693,,,,,,,,,4881.6233981693,,,,103
"Remotely Operated",0,,"400874257",,3561.94761089665,,,,,,,,,,3561.94761089665,,,104
"Remotely Operated",0,0,"SMITHS GROUP",0,1589.02968892851,,,,,,,1589.02968892851,,,,,,105
"Remotely Operated",0,,"003115771",,1120.9736329502,,,,,40142.9736185121,,,-39021.9999855619,,,,,106
"Remotely Operated",0,,"780274457",,378.195674673851,,,,,,,,,21846.2460774799,-21468.050402806,,,107
"Remotely Operated",0,,"828725163",,2.25078347500508,,,,,,,,,0,0,87.5607834750051,-85.31,108
"Remotely Operated",0,0,"GEORGIA INSTITUTE OF TECHNOLOGY",0,0,,0,,,,,,,,,,,116
"Remotely Operated",0,0,"TCOM",0,0,0,0,0,0,0,0,0,0,0,0,,,116
"Remotely Operated",0,,"001307594",,0,0,,,0,,0,0,,,,,,116
"Remotely Operated",0,,"002020551",,0,,0,,,,,,,,,,,116
"Remotely Operated",0,,"003493641",,0,,,,,,,,0,0,0,,,116
"Remotely Operated",0,,"057336570",,0,0,0,0,0,0,0,0,0,0,0,,0,116
"Remotely Operated",0,,"078494306",,0,,,,,,,,,,,,0,116
"Remotely Operated",0,,"079078705",,0,0,,,,,,,,,,,,116
"Remotely Operated",0,,"115049053",,0,,,,,,,,0,0,0,,,116
"Remotely Operated",0,,"128979163",,0,,,,,,,,0,,0,,,116
"Remotely Operated",0,,"140042099",,0,,,,,,,,,,,,0,116
"Remotely Operated",0,,"847327426",,0,,0,,,,0,,,,,,,116
"Remotely Operated",0,,"876541392",,0,0,0,0,0,0,0,,,,,,,116
"Remotely Operated",0,,"883272718",,0,,,0,,,,,,,,,,116
"Remotely Operated",0,,"967912853",,0,,,,,,,,,0,0,,0,116
